<?xml version="1.0" encoding="UTF-8"?>
<metadata xml:lang="es"><Esri><CreaDate>20240118</CreaDate><CreaTime>10073000</CreaTime><ArcGISFormat>1.0</ArcGISFormat><SyncOnce>FALSE</SyncOnce><DataProperties><lineage><Process ToolSource="c:\program files (x86)\arcgis\desktop10.8\ArcToolbox\Toolboxes\Data Management Tools.tbx\AlterField" Date="20230714" Time="162828">AlterField "E:\Fernanda_Cruz\Oficializacion\Zonificacion Hidrografica 2022\Zonificacion.gdb\h_znhd_2022_100k" ruleid # Simbología LONG 4 NULLABLE false</Process><Process ToolSource="c:\program files (x86)\arcgis\desktop10.8\ArcToolbox\Toolboxes\Data Management Tools.tbx\AlterField" Date="20230721" Time="112618">AlterField h_znhd_2022_100k nom_ah ah AH TEXT 15 NULLABLE false</Process><Process ToolSource="c:\program files (x86)\arcgis\desktop10.8\ArcToolbox\Toolboxes\Data Management Tools.tbx\AlterField" Date="20230721" Time="112912">AlterField h_znhd_2022_100k nom_zh zh ZH TEXT 32 NULLABLE false</Process><Process ToolSource="c:\program files (x86)\arcgis\desktop10.8\ArcToolbox\Toolboxes\Data Management Tools.tbx\AlterField" Date="20230721" Time="112949">AlterField h_znhd_2022_100k nom_szh szh SZH TEXT 91 NULLABLE false</Process><Process ToolSource="c:\program files (x86)\arcgis\desktop10.8\ArcToolbox\Toolboxes\Data Management Tools.tbx\AlterField" Date="20230721" Time="113239">AlterField "C:\Users\edanr\Downloads\Zonificacion Hidrografica 2022\Zonificacion Hidrografica 2022\Zonificacion.gdb\h_znhd_2022_100k" Override # override BLOB # NULLABLE false</Process><Process Name="Alter Field" ToolSource="c:\program files (x86)\arcgis\desktop10.8\ArcToolbox\Toolboxes\Data Management Tools.tbx\AlterField" Date="20230731" Time="175838">AlterField C:\IDEAM_2023\Producto_4_CapasGeograficas\20231107_Capas_ENA_2022_Finales\GDB\GDB_ENA2022_Vector.gdb\Unidades_Analisis\h_znhd_2022_100k ah nom_ah NOM_AH TEXT 15 NULLABLE false</Process><Process Name="Alter Field (2)" ToolSource="c:\program files (x86)\arcgis\desktop10.8\ArcToolbox\Toolboxes\Data Management Tools.tbx\AlterField" Date="20230731" Time="175845">AlterField C:\IDEAM_2023\Producto_4_CapasGeograficas\20231107_Capas_ENA_2022_Finales\GDB\GDB_ENA2022_Vector.gdb\Unidades_Analisis\h_znhd_2022_100k zh nom_zh NOM_ZH TEXT 32 NULLABLE false</Process><Process Name="Alter Field (3)" ToolSource="c:\program files (x86)\arcgis\desktop10.8\ArcToolbox\Toolboxes\Data Management Tools.tbx\AlterField" Date="20230731" Time="175845">AlterField C:\IDEAM_2023\Producto_4_CapasGeograficas\20231107_Capas_ENA_2022_Finales\GDB\GDB_ENA2022_Vector.gdb\Unidades_Analisis\h_znhd_2022_100k szh nom_szh NOM_SZH TEXT 91 NULLABLE false</Process><Process Name="Alter Field" ToolSource="c:\program files (x86)\arcgis\desktop10.8\ArcToolbox\Toolboxes\Data Management Tools.tbx\AlterField" Date="20230731" Time="181136">AlterField C:\IDEAM_2023\Producto_4_CapasGeograficas\20231107_Capas_ENA_2022_Finales\GDB\GDB_ENA2022_Vector.gdb\Unidades_Analisis\h_znhd_2022_100k cod_ah ah AH DOUBLE 8 NULLABLE false</Process><Process Name="Alter Field (2)" ToolSource="c:\program files (x86)\arcgis\desktop10.8\ArcToolbox\Toolboxes\Data Management Tools.tbx\AlterField" Date="20230731" Time="181137">AlterField C:\IDEAM_2023\Producto_4_CapasGeograficas\20231107_Capas_ENA_2022_Finales\GDB\GDB_ENA2022_Vector.gdb\Unidades_Analisis\h_znhd_2022_100k cod_zh zh ZH DOUBLE 8 NULLABLE false</Process><Process Name="Alter Field (3)" ToolSource="c:\program files (x86)\arcgis\desktop10.8\ArcToolbox\Toolboxes\Data Management Tools.tbx\AlterField" Date="20230731" Time="181137">AlterField C:\IDEAM_2023\Producto_4_CapasGeograficas\20231107_Capas_ENA_2022_Finales\GDB\GDB_ENA2022_Vector.gdb\Unidades_Analisis\h_znhd_2022_100k cod_szh szh SZH DOUBLE 8 NULLABLE false</Process><Process ToolSource="d:\program files (x86)\arcgis\desktop10.8\ArcToolbox\Toolboxes\Data Management Tools.tbx\AlterField" Date="20240117" Time="101824">AlterField "Zonificación Hidrográfica 2022" ah COD_AH "Codigo Area" DOUBLE 8 NULLABLE false</Process><Process ToolSource="d:\program files (x86)\arcgis\desktop10.8\ArcToolbox\Toolboxes\Data Management Tools.tbx\AlterField" Date="20240117" Time="101919">AlterField "Zonificación Hidrográfica 2022" nom_ah NOM_AH "Nombre Area" TEXT 15 NULLABLE false</Process><Process ToolSource="d:\program files (x86)\arcgis\desktop10.8\ArcToolbox\Toolboxes\Data Management Tools.tbx\AlterField" Date="20240117" Time="102012">AlterField "Zonificación Hidrográfica 2022" zh COD_ZH "Codigo Zona" DOUBLE 8 NULLABLE false</Process><Process ToolSource="d:\program files (x86)\arcgis\desktop10.8\ArcToolbox\Toolboxes\Data Management Tools.tbx\AlterField" Date="20240117" Time="102350">AlterField "Zonificación Hidrográfica 2022" zh COD_ZH "Codigo Zona" DOUBLE 8 NULLABLE false</Process><Process ToolSource="d:\program files (x86)\arcgis\desktop10.8\ArcToolbox\Toolboxes\Data Management Tools.tbx\AlterField" Date="20240117" Time="102910">AlterField "D:\BACKUP PROPIO\AÑO 2024\GESTION DE DATOS\PRODUCTOS PARA OFICIALIZAR\GDB\GDB_ENA2022_Vector.gdb\Unidades_Analisis\h_znhd_2022_100k" nom_ah NOM_AH "Nombre Area" TEXT 15 NULLABLE false</Process><Process ToolSource="d:\program files (x86)\arcgis\desktop10.8\ArcToolbox\Toolboxes\Data Management Tools.tbx\AlterField" Date="20240117" Time="102948">AlterField "D:\BACKUP PROPIO\AÑO 2024\GESTION DE DATOS\PRODUCTOS PARA OFICIALIZAR\GDB\GDB_ENA2022_Vector.gdb\Unidades_Analisis\h_znhd_2022_100k" nom_zh NOM_ZH "Nombre Zona" TEXT 32 NULLABLE false</Process><Process ToolSource="d:\program files (x86)\arcgis\desktop10.8\ArcToolbox\Toolboxes\Data Management Tools.tbx\AlterField" Date="20240117" Time="103023">AlterField "D:\BACKUP PROPIO\AÑO 2024\GESTION DE DATOS\PRODUCTOS PARA OFICIALIZAR\GDB\GDB_ENA2022_Vector.gdb\Unidades_Analisis\h_znhd_2022_100k" szh COD_SZH "Codigo Subzona" DOUBLE 8 NULLABLE false</Process><Process ToolSource="d:\program files (x86)\arcgis\desktop10.8\ArcToolbox\Toolboxes\Data Management Tools.tbx\AlterField" Date="20240117" Time="103124">AlterField "D:\BACKUP PROPIO\AÑO 2024\GESTION DE DATOS\PRODUCTOS PARA OFICIALIZAR\GDB\GDB_ENA2022_Vector.gdb\Unidades_Analisis\h_znhd_2022_100k" nom_szh NOM_SZH "Nombre Subzona" TEXT 91 NULLABLE false</Process></lineage><itemProps><itemName Sync="TRUE">h_znhd_2022_100k</itemName><imsContentType Sync="TRUE">002</imsContentType><itemLocation><linkage Sync="TRUE">file://\\DESKTOP-4GD292D\C$\IDEAM_2023\Producto_4_CapasGeograficas\20231107_Capas_ENA_2022_Finales\GDB\GDB_ENA2022_Vector.gdb</linkage><protocol Sync="TRUE">Local Area Network</protocol></itemLocation></itemProps><coordRef><type Sync="TRUE">Geographic</type><geogcsn Sync="TRUE">GCS_MAGNA</geogcsn><csUnits Sync="TRUE">Angular Unit: Degree (0.017453)</csUnits><peXml Sync="TRUE">&lt;GeographicCoordinateSystem xsi:type='typens:GeographicCoordinateSystem' xmlns:xsi='http://www.w3.org/2001/XMLSchema-instance' xmlns:xs='http://www.w3.org/2001/XMLSchema' xmlns:typens='http://www.esri.com/schemas/ArcGIS/10.8'&gt;&lt;WKT&gt;GEOGCS[&amp;quot;GCS_MAGNA&amp;quot;,DATUM[&amp;quot;D_MAGNA&amp;quot;,SPHEROID[&amp;quot;GRS_1980&amp;quot;,6378137.0,298.257222101]],PRIMEM[&amp;quot;Greenwich&amp;quot;,0.0],UNIT[&amp;quot;Degree&amp;quot;,0.0174532925199433],AUTHORITY[&amp;quot;EPSG&amp;quot;,4686]]&lt;/WKT&gt;&lt;XOrigin&gt;-400&lt;/XOrigin&gt;&lt;YOrigin&gt;-400&lt;/YOrigin&gt;&lt;XYScale&gt;999999999.99999988&lt;/XYScale&gt;&lt;ZOrigin&gt;-100000&lt;/ZOrigin&gt;&lt;ZScale&gt;10000&lt;/ZScale&gt;&lt;MOrigin&gt;-100000&lt;/MOrigin&gt;&lt;MScale&gt;10000&lt;/MScale&gt;&lt;XYTolerance&gt;8.983152841195215e-09&lt;/XYTolerance&gt;&lt;ZTolerance&gt;0.001&lt;/ZTolerance&gt;&lt;MTolerance&gt;0.001&lt;/MTolerance&gt;&lt;HighPrecision&gt;true&lt;/HighPrecision&gt;&lt;LeftLongitude&gt;-180&lt;/LeftLongitude&gt;&lt;WKID&gt;4686&lt;/WKID&gt;&lt;LatestWKID&gt;4686&lt;/LatestWKID&gt;&lt;/GeographicCoordinateSystem&gt;</peXml></coordRef></DataProperties><SyncDate>20230721</SyncDate><SyncTime>19082900</SyncTime><ModDate>20230721</ModDate><ModTime>19082900</ModTime></Esri><dataIdInfo><envirDesc Sync="TRUE"> Version 6.2 (Build 9200) ; Esri ArcGIS 10.9.1.28388</envirDesc><dataLang><languageCode value="spa" Sync="TRUE"></languageCode><countryCode value="COL" Sync="TRUE"></countryCode></dataLang><idCitation><resTitle Sync="TRUE">h_znhd_2022_100k</resTitle><presForm><PresFormCd value="005" Sync="TRUE"></PresFormCd></presForm></idCitation><spatRpType><SpatRepTypCd value="001" Sync="TRUE"></SpatRepTypCd></spatRpType></dataIdInfo><mdLang><languageCode value="spa" Sync="TRUE"></languageCode><countryCode value="COL" Sync="TRUE"></countryCode></mdLang><distInfo><distFormat><formatName Sync="TRUE">File Geodatabase Feature Class</formatName></distFormat></distInfo><mdHrLv><ScopeCd value="005" Sync="TRUE"></ScopeCd></mdHrLv><mdHrLvName Sync="TRUE">dataset</mdHrLvName><refSysInfo><RefSystem><refSysID><identCode code="4686" Sync="TRUE"></identCode><idCodeSpace Sync="TRUE">EPSG</idCodeSpace><idVersion Sync="TRUE">6.14(9.2.0)</idVersion></refSysID></RefSystem></refSysInfo><spatRepInfo><VectSpatRep><geometObjs Name="h_znhd_2022_100k"><geoObjTyp><GeoObjTypCd value="002" Sync="TRUE"></GeoObjTypCd></geoObjTyp><geoObjCnt Sync="TRUE">0</geoObjCnt></geometObjs><topLvl><TopoLevCd value="001" Sync="TRUE"></TopoLevCd></topLvl></VectSpatRep></spatRepInfo><spdoinfo><ptvctinf><esriterm Name="h_znhd_2022_100k"><efeatyp Sync="TRUE">Simple</efeatyp><efeageom code="4" Sync="TRUE"></efeageom><esritopo Sync="TRUE">FALSE</esritopo><efeacnt Sync="TRUE">0</efeacnt><spindex Sync="TRUE">TRUE</spindex><linrefer Sync="TRUE">FALSE</linrefer></esriterm></ptvctinf></spdoinfo><eainfo><detailed Name="h_znhd_2022_100k"><enttyp><enttypl Sync="TRUE">h_znhd_2022_100k</enttypl><enttypt Sync="TRUE">Feature Class</enttypt><enttypc Sync="TRUE">0</enttypc></enttyp><attr><attrlabl Sync="TRUE">OBJECTID</attrlabl><attalias Sync="TRUE">OBJECTID</attalias><attrtype Sync="TRUE">OID</attrtype><attwidth Sync="TRUE">4</attwidth><atprecis Sync="TRUE">0</atprecis><attscale Sync="TRUE">0</attscale><attrdef Sync="TRUE">Internal feature number.</attrdef><attrdefs Sync="TRUE">Esri</attrdefs><attrdomv><udom Sync="TRUE">Sequential unique whole numbers that are automatically generated.</udom></attrdomv></attr><attr><attrlabl Sync="TRUE">SHAPE</attrlabl><attalias Sync="TRUE">SHAPE</attalias><attrtype Sync="TRUE">Geometry</attrtype><attwidth Sync="TRUE">0</attwidth><atprecis Sync="TRUE">0</atprecis><attscale Sync="TRUE">0</attscale><attrdef Sync="TRUE">Feature geometry.</attrdef><attrdefs Sync="TRUE">Esri</attrdefs><attrdomv><udom Sync="TRUE">Coordinates defining the features.</udom></attrdomv></attr><attr><attrlabl Sync="TRUE">cod_ah</attrlabl><attalias Sync="TRUE">COD_AH</attalias><attrtype Sync="TRUE">Double</attrtype><attwidth Sync="TRUE">8</attwidth><atprecis Sync="TRUE">0</atprecis><attscale Sync="TRUE">0</attscale></attr><attr><attrlabl Sync="TRUE">ah</attrlabl><attalias Sync="TRUE">AH</attalias><attrtype Sync="TRUE">String</attrtype><attwidth Sync="TRUE">15</attwidth><atprecis Sync="TRUE">0</atprecis><attscale Sync="TRUE">0</attscale></attr><attr><attrlabl Sync="TRUE">cod_zh</attrlabl><attalias Sync="TRUE">COD_ZH</attalias><attrtype Sync="TRUE">Double</attrtype><attwidth Sync="TRUE">8</attwidth><atprecis Sync="TRUE">0</atprecis><attscale Sync="TRUE">0</attscale></attr><attr><attrlabl Sync="TRUE">zh</attrlabl><attalias Sync="TRUE">ZH</attalias><attrtype Sync="TRUE">String</attrtype><attwidth Sync="TRUE">32</attwidth><atprecis Sync="TRUE">0</atprecis><attscale Sync="TRUE">0</attscale></attr><attr><attrlabl Sync="TRUE">cod_szh</attrlabl><attalias Sync="TRUE">COD_SZH</attalias><attrtype Sync="TRUE">Double</attrtype><attwidth Sync="TRUE">8</attwidth><atprecis Sync="TRUE">0</atprecis><attscale Sync="TRUE">0</attscale></attr><attr><attrlabl Sync="TRUE">szh</attrlabl><attalias Sync="TRUE">SZH</attalias><attrtype Sync="TRUE">String</attrtype><attwidth Sync="TRUE">91</attwidth><atprecis Sync="TRUE">0</atprecis><attscale Sync="TRUE">0</attscale></attr><attr><attrlabl Sync="TRUE">ruleid</attrlabl><attalias Sync="TRUE">Simbologia</attalias><attrtype Sync="TRUE">Integer</attrtype><attwidth Sync="TRUE">4</attwidth><atprecis Sync="TRUE">0</atprecis><attscale Sync="TRUE">0</attscale></attr><attr><attrlabl Sync="TRUE">Override</attrlabl><attalias Sync="TRUE">Override</attalias><attrtype Sync="TRUE">Blob</attrtype><attwidth Sync="TRUE">0</attwidth><atprecis Sync="TRUE">0</atprecis><attscale Sync="TRUE">0</attscale></attr><attr><attrlabl Sync="TRUE">SHAPE_Length</attrlabl><attalias Sync="TRUE">SHAPE_Length</attalias><attrtype Sync="TRUE">Double</attrtype><attwidth Sync="TRUE">8</attwidth><atprecis Sync="TRUE">0</atprecis><attscale Sync="TRUE">0</attscale><attrdef Sync="TRUE">Length of feature in internal units.</attrdef><attrdefs Sync="TRUE">Esri</attrdefs><attrdomv><udom Sync="TRUE">Positive real numbers that are automatically generated.</udom></attrdomv></attr><attr><attrlabl Sync="TRUE">SHAPE_Area</attrlabl><attalias Sync="TRUE">SHAPE_Area</attalias><attrtype Sync="TRUE">Double</attrtype><attwidth Sync="TRUE">8</attwidth><atprecis Sync="TRUE">0</atprecis><attscale Sync="TRUE">0</attscale><attrdef Sync="TRUE">Area of feature in internal units squared.</attrdef><attrdefs Sync="TRUE">Esri</attrdefs><attrdomv><udom Sync="TRUE">Positive real numbers that are automatically generated.</udom></attrdomv></attr></detailed></eainfo><mdDateSt Sync="TRUE">20230721</mdDateSt></metadata>
