<?xml version="1.0" encoding="UTF-8"?>
<gmd:MD_Metadata xmlns:gmd="http://www.isotc211.org/2005/gmd"
                 xmlns:xsi="http://www.w3.org/2001/XMLSchema-instance"
                 xmlns:gco="http://www.isotc211.org/2005/gco"
                 xmlns:srv="http://www.isotc211.org/2005/srv"
                 xmlns:gmx="http://www.isotc211.org/2005/gmx"
                 xmlns:gts="http://www.isotc211.org/2005/gts"
                 xmlns:gsr="http://www.isotc211.org/2005/gsr"
                 xmlns:gmi="http://www.isotc211.org/2005/gmi"
                 xmlns:gml="http://www.opengis.net/gml"
                 xmlns:xlink="http://www.w3.org/1999/xlink"
                 xsi:schemaLocation="http://www.isotc211.org/2005/gmd http://www.isotc211.org/2005/gmd/gmd.xsd&#xA;                  http://www.isotc211.org/2005/gmx http://www.isotc211.org/2005/gmx/gmx.xsd&#xA;                  http://www.isotc211.org/2005/srv http://schemas.opengis.net/iso/19139/20060504/srv/srv.xsd&#xA;  ">
  <gmd:fileIdentifier>
      <gco:CharacterString>2dd7f8f3-3e3f-44aa-a352-11cb5291877a</gco:CharacterString>
  </gmd:fileIdentifier>
  <gmd:language>
      <gmd:LanguageCode codeList="http://www.loc.gov/standards/iso639-2/" codeListValue="spa"/>
  </gmd:language>
  <gmd:characterSet>
      <gmd:MD_CharacterSetCode codeListValue="utf8"
                               codeList="http://standards.iso.org/iso/19139/resources/gmxCodelists.xml#MD_CharacterSetCode"/>
  </gmd:characterSet>
  <gmd:hierarchyLevel>
      <gmd:MD_ScopeCode codeList="http://standards.iso.org/iso/19139/resources/gmxCodelists.xml#MD_ScopeCode"
                        codeListValue="dataset"/>
  </gmd:hierarchyLevel>
  <gmd:hierarchyLevelName>
      <gco:CharacterString>Zonificación Hidrográfica. Colombia. Escala 1:100.000. Año 2022</gco:CharacterString>
  </gmd:hierarchyLevelName>
  <gmd:contact>
      <gmd:CI_ResponsibleParty>
         <gmd:individualName>
            <gco:CharacterString>Maria constanza Rosero</gco:CharacterString>
         </gmd:individualName>
         <gmd:organisationName>
            <gco:CharacterString>Instituto de Hidrología, Meteorología y Estudios Ambientales - IDEAM, Subdirección de Hidrologia - Grupo de Evaluacion Hidrologica.</gco:CharacterString>
         </gmd:organisationName>
         <gmd:positionName>
            <gco:CharacterString>Coordinador</gco:CharacterString>
         </gmd:positionName>
         <gmd:contactInfo>
            <gmd:CI_Contact>
               <gmd:phone>
                  <gmd:CI_Telephone>
                     <gmd:voice>
                        <gco:CharacterString>57 1 3527160 Ext.1</gco:CharacterString>
                     </gmd:voice>
                     <gmd:facsimile>
                        <gco:CharacterString>57 1 3527160</gco:CharacterString>
                     </gmd:facsimile>
                  </gmd:CI_Telephone>
               </gmd:phone>
               <gmd:address>
                  <gmd:CI_Address>
                     <gmd:deliveryPoint>
                        <gco:CharacterString>Calle 25D No. 96B -70 Piso 2</gco:CharacterString>
                     </gmd:deliveryPoint>
                     <gmd:city>
                        <gco:CharacterString>Bogotá D.C.</gco:CharacterString>
                     </gmd:city>
                     <gmd:administrativeArea>
                        <gco:CharacterString>Bogotá D.C.</gco:CharacterString>
                     </gmd:administrativeArea>
                     <gmd:postalCode>
                        <gco:CharacterString>110911</gco:CharacterString>
                     </gmd:postalCode>
                     <gmd:country>
                        <gco:CharacterString>Colombia</gco:CharacterString>
                     </gmd:country>
                     <gmd:electronicMailAddress>
                        <gco:CharacterString>mcrosero@ideam.gov.co</gco:CharacterString>
                     </gmd:electronicMailAddress>
                  </gmd:CI_Address>
               </gmd:address>
               <gmd:onlineResource>
                  <gmd:CI_OnlineResource>
                     <gmd:linkage>
                        <gmd:URL>www.ideam.gov.co</gmd:URL>
                     </gmd:linkage>
                     <gmd:protocol>
                        <gco:CharacterString>WWW:LINK-1.0-http--link</gco:CharacterString>
                     </gmd:protocol>
                     <gmd:name>
                        <gco:CharacterString>Portal del Instituto de Hidrología, Meteorología y Estudios Ambientales- IDEAM</gco:CharacterString>
                     </gmd:name>
                     <gmd:description>
                        <gco:CharacterString>En este portal encontrará la información general sobre la Subdirección de Hidrologia y del grupo temático de Evaluacion Hidrológica</gco:CharacterString>
                     </gmd:description>
                     <gmd:function>
                        <gmd:CI_OnLineFunctionCode codeList="http://standards.iso.org/iso/19139/resources/gmxCodelists.xml#CI_OnLineFunctionCode"
                                                   codeListValue="information"/>
                     </gmd:function>
                  </gmd:CI_OnlineResource>
               </gmd:onlineResource>
               <gmd:hoursOfService>
                  <gco:CharacterString>De lunes a viernes desde las 8:00 hasta las 17:00 horas para atención personal</gco:CharacterString>
               </gmd:hoursOfService>
               <gmd:contactInstructions>
                  <gco:CharacterString>A través de correo electrónico y vía telefónica</gco:CharacterString>
               </gmd:contactInstructions>
            </gmd:CI_Contact>
         </gmd:contactInfo>
         <gmd:role>
            <gmd:CI_RoleCode codeListValue="custodian"
                             codeList="http://standards.iso.org/iso/19139/resources/gmxCodelists.xml#CI_RoleCode"/>
         </gmd:role>
      </gmd:CI_ResponsibleParty>
  </gmd:contact>
  <gmd:contact>
      <gmd:CI_ResponsibleParty>
         <gmd:individualName>
            <gco:CharacterString>Luisa Fernanda Cruz</gco:CharacterString>
         </gmd:individualName>
         <gmd:organisationName>
            <gco:CharacterString>Instituto de Hidrología, Meteorología y Estudios Ambientales - IDEAM, Subdirección de Hidrologia - Grupo de Evaluacion Hidrologica.</gco:CharacterString>
         </gmd:organisationName>
         <gmd:positionName>
            <gco:CharacterString>Profesional Especializado</gco:CharacterString>
         </gmd:positionName>
         <gmd:contactInfo>
            <gmd:CI_Contact>
               <gmd:phone>
                  <gmd:CI_Telephone>
                     <gmd:voice>
                        <gco:CharacterString>57 1 3527160 Ext.1...</gco:CharacterString>
                     </gmd:voice>
                  </gmd:CI_Telephone>
               </gmd:phone>
               <gmd:address>
                  <gmd:CI_Address>
                     <gmd:deliveryPoint>
                        <gco:CharacterString>Calle 25D No. 96B -70 Piso 2</gco:CharacterString>
                     </gmd:deliveryPoint>
                     <gmd:city>
                        <gco:CharacterString>Bogotá D.C.</gco:CharacterString>
                     </gmd:city>
                     <gmd:administrativeArea>
                        <gco:CharacterString>Bogotá D.C.</gco:CharacterString>
                     </gmd:administrativeArea>
                     <gmd:postalCode>
                        <gco:CharacterString>110911</gco:CharacterString>
                     </gmd:postalCode>
                     <gmd:country>
                        <gco:CharacterString>Colombia</gco:CharacterString>
                     </gmd:country>
                     <gmd:electronicMailAddress>
                        <gco:CharacterString>lcruz@ideam.gov.co</gco:CharacterString>
                     </gmd:electronicMailAddress>
                  </gmd:CI_Address>
               </gmd:address>
               <gmd:onlineResource>
                  <gmd:CI_OnlineResource>
                     <gmd:linkage>
                        <gmd:URL/>
                     </gmd:linkage>
                     <gmd:protocol gco:nilReason="missing">
                        <gco:CharacterString/>
                     </gmd:protocol>
                     <gmd:name gco:nilReason="missing">
                        <gco:CharacterString/>
                     </gmd:name>
                     <gmd:description gco:nilReason="missing">
                        <gco:CharacterString/>
                     </gmd:description>
                     <gmd:function>
                        <gmd:CI_OnLineFunctionCode codeList="http://standards.iso.org/iso/19139/resources/gmxCodelists.xml#CI_OnLineFunctionCode"
                                                   codeListValue=""/>
                     </gmd:function>
                  </gmd:CI_OnlineResource>
               </gmd:onlineResource>
            </gmd:CI_Contact>
         </gmd:contactInfo>
         <gmd:role>
            <gmd:CI_RoleCode codeList="http://standards.iso.org/iso/19139/resources/gmxCodelists.xml#CI_RoleCode"
                             codeListValue="author"/>
         </gmd:role>
      </gmd:CI_ResponsibleParty>
  </gmd:contact>
  <gmd:dateStamp>
      <gco:DateTime>2024-01-24T09:38:48</gco:DateTime>
  </gmd:dateStamp>
  <gmd:metadataStandardName>
      <gco:CharacterString>ISO 19115:2003/19139</gco:CharacterString>
  </gmd:metadataStandardName>
  <gmd:metadataStandardVersion>
      <gco:CharacterString>1.0</gco:CharacterString>
  </gmd:metadataStandardVersion>
  <gmd:spatialRepresentationInfo>
      <gmd:MD_VectorSpatialRepresentation>
         <gmd:topologyLevel>
            <gmd:MD_TopologyLevelCode codeList="http://standards.iso.org/iso/19139/resources/gmxCodelists.xml#MD_TopologyLevelCode"
                                      codeListValue="geometryOnly"/>
         </gmd:topologyLevel>
         <gmd:geometricObjects>
            <gmd:MD_GeometricObjects>
               <gmd:geometricObjectType>
                  <gmd:MD_GeometricObjectTypeCode codeList="http://standards.iso.org/iso/19139/resources/gmxCodelists.xml#MD_GeometricObjectTypeCode"
                                                  codeListValue="surface"/>
               </gmd:geometricObjectType>
            </gmd:MD_GeometricObjects>
         </gmd:geometricObjects>
      </gmd:MD_VectorSpatialRepresentation>
  </gmd:spatialRepresentationInfo>
  <gmd:referenceSystemInfo>
      <gmd:MD_ReferenceSystem>
         <gmd:referenceSystemIdentifier>
            <gmd:RS_Identifier>
               <gmd:code>
                  <gco:CharacterString>MAGNA-SIRGAS</gco:CharacterString>
               </gmd:code>
               <gmd:codeSpace>
                  <gco:CharacterString>EPSG 4686</gco:CharacterString>
               </gmd:codeSpace>
               <gmd:version>
                  <gco:CharacterString>7.5</gco:CharacterString>
               </gmd:version>
            </gmd:RS_Identifier>
         </gmd:referenceSystemIdentifier>
      </gmd:MD_ReferenceSystem>
  </gmd:referenceSystemInfo>
  <gmd:identificationInfo>
      <gmd:MD_DataIdentification>
         <gmd:citation>
            <gmd:CI_Citation>
               <gmd:title>
                  <gco:CharacterString>Zonificación Hidrográfica. Colombia. Escala 1:100.000. Año 2022</gco:CharacterString>
               </gmd:title>
               <gmd:alternateTitle>
                  <gco:CharacterString>Zonficacion Hidrografica 2022</gco:CharacterString>
               </gmd:alternateTitle>
               <gmd:date>
                  <gmd:CI_Date>
                     <gmd:date>
                        <gco:Date>2023-12-15</gco:Date>
                     </gmd:date>
                     <gmd:dateType>
                        <gmd:CI_DateTypeCode codeListValue="creation"
                                             codeList="http://standards.iso.org/iso/19139/resources/gmxCodelists.xml#CI_DateTypeCode"/>
                     </gmd:dateType>
                  </gmd:CI_Date>
               </gmd:date>
               <gmd:edition>
                  <gco:CharacterString>Primera</gco:CharacterString>
               </gmd:edition>
               <gmd:editionDate>
                  <gco:Date>2023-12-15</gco:Date>
               </gmd:editionDate>
               <gmd:presentationForm>
                  <gmd:CI_PresentationFormCode codeList="http://standards.iso.org/iso/19139/resources/gmxCodelists.xml#CI_PresentationFormCode"
                                               codeListValue="mapDigital"/>
               </gmd:presentationForm>
            </gmd:CI_Citation>
         </gmd:citation>
         <gmd:abstract>
            <gco:CharacterString>El producto corresponde a la actualizacion  en escala 1:100,000 de la capa de zonificacion hidrográfica de Colombia a escala 1:500.000 del 2013,  utilizada hasta el ENA2018. Esta capa es la unidad de analisis utilizada en  el ENA2022.  
Representa las unidades de análisis hidrográficas para el ordenamiento ambiental del territorio definidas por el IDEAM. La  actualización del producto  se realizo con  base en la información dispuesta por HydroSheds y la edición sobre cartografía básica a escala 1: 100000, dispuesta por el IGAC en el 2016.
Es importante mencionar, que en la zonificación hidrográfica del año 2013, con el fin de generar una cobertura de la zonificación hidrográfica en zonas marítimas en las que existen estaciones de Ideam o de otras entidades como la DIMAR o el INVEMAR, entre otras, las cuales requieren asignación de codificación acorde con su ubicación, se hizo necesario en su momento definir estas subzonas hidrográficas, estas no necesariamente implican la generación de productos temáticos específicos. Para la presente actualización de la zonificación hidrográfica del año 2022, no se incluyen las áreas marino costeras que se delimitan en la zonificación hidrográfica del año 2013, debido a que no se cuenta con información oficial a escala 1:100.000 que permitan su delimitación.</gco:CharacterString>
         </gmd:abstract>
         <gmd:purpose>
            <gco:CharacterString>Presentar la distribución que hacen que los ríos de Colombia drenen en diferentes direcciones dadas las características fisiográficas, morfológicas y climáticas por medio de la zonificación de cuencas.</gco:CharacterString>
         </gmd:purpose>
         <gmd:status>
            <gmd:MD_ProgressCode codeListValue="completed"
                                 codeList="http://standards.iso.org/iso/19139/resources/gmxCodelists.xml#MD_ProgressCode"/>
         </gmd:status>
         <gmd:pointOfContact>
            <gmd:CI_ResponsibleParty>
               <gmd:individualName>
                  <gco:CharacterString>Maria Constanza Rosero</gco:CharacterString>
               </gmd:individualName>
               <gmd:organisationName>
                  <gco:CharacterString>Instituto de Hidrología, Meteorología y Estudios Ambientales - IDEAM, Subdirección de Hidrologia - Grupo de Evaluacion Hidrologica.</gco:CharacterString>
               </gmd:organisationName>
               <gmd:positionName>
                  <gco:CharacterString>Profesional Especializado</gco:CharacterString>
               </gmd:positionName>
               <gmd:contactInfo>
                  <gmd:CI_Contact>
                     <gmd:phone>
                        <gmd:CI_Telephone>
                           <gmd:voice>
                              <gco:CharacterString>57 1 3527160 Ext.....</gco:CharacterString>
                           </gmd:voice>
                        </gmd:CI_Telephone>
                     </gmd:phone>
                     <gmd:address>
                        <gmd:CI_Address>
                           <gmd:deliveryPoint>
                              <gco:CharacterString>Calle 25D No. 96B -70 Piso 2</gco:CharacterString>
                           </gmd:deliveryPoint>
                           <gmd:city>
                              <gco:CharacterString>Bogotá D.C.</gco:CharacterString>
                           </gmd:city>
                           <gmd:administrativeArea>
                              <gco:CharacterString>Bogotá D.C.</gco:CharacterString>
                           </gmd:administrativeArea>
                           <gmd:postalCode>
                              <gco:CharacterString>110911</gco:CharacterString>
                           </gmd:postalCode>
                           <gmd:country>
                              <gco:CharacterString>Colombia</gco:CharacterString>
                           </gmd:country>
                           <gmd:electronicMailAddress>
                              <gco:CharacterString>mrosero@ideam.gov.co</gco:CharacterString>
                           </gmd:electronicMailAddress>
                        </gmd:CI_Address>
                     </gmd:address>
                     <gmd:onlineResource>
                        <gmd:CI_OnlineResource>
                           <gmd:linkage>
                              <gmd:URL>www.ideam.gov.co</gmd:URL>
                           </gmd:linkage>
                           <gmd:protocol>
                              <gco:CharacterString>WWW:LINK-1.0-http--link</gco:CharacterString>
                           </gmd:protocol>
                           <gmd:name>
                              <gco:CharacterString>Portal del Instituto de Hidrología, Meteorología y Estudios Ambientales - IDEAM</gco:CharacterString>
                           </gmd:name>
                           <gmd:description>
                              <gco:CharacterString>En este portal encontrará la información general sobre la Subdirección de... y el grupo temático de ......</gco:CharacterString>
                           </gmd:description>
                           <gmd:function>
                              <gmd:CI_OnLineFunctionCode codeList="http://standards.iso.org/iso/19139/resources/gmxCodelists.xml#CI_OnLineFunctionCode"
                                                         codeListValue="information"/>
                           </gmd:function>
                        </gmd:CI_OnlineResource>
                     </gmd:onlineResource>
                     <gmd:hoursOfService>
                        <gco:CharacterString>De lunes a viernes desde las 8:00 a las 17:000 horas para atención personal.</gco:CharacterString>
                     </gmd:hoursOfService>
                     <gmd:contactInstructions>
                        <gco:CharacterString>A través de correo electrónico y vía telefónica</gco:CharacterString>
                     </gmd:contactInstructions>
                  </gmd:CI_Contact>
               </gmd:contactInfo>
               <gmd:role>
                  <gmd:CI_RoleCode codeList="http://standards.iso.org/iso/19139/resources/gmxCodelists.xml#CI_RoleCode"
                                   codeListValue="owner"/>
               </gmd:role>
            </gmd:CI_ResponsibleParty>
         </gmd:pointOfContact>
         <gmd:resourceMaintenance>
            <gmd:MD_MaintenanceInformation>
               <gmd:maintenanceAndUpdateFrequency>
                  <gmd:MD_MaintenanceFrequencyCode codeListValue="asNeeded"
                                                   codeList="http://standards.iso.org/iso/19139/resources/gmxCodelists.xml#MD_MaintenanceFrequencyCode"/>
               </gmd:maintenanceAndUpdateFrequency>
            </gmd:MD_MaintenanceInformation>
         </gmd:resourceMaintenance>
         <gmd:graphicOverview>
            <gmd:MD_BrowseGraphic>
               <gmd:fileName>
                  <gco:CharacterString>http://bart.ideam.gov.co/cneideam/Miniaturas_geonetwork/Unidades_Analisis/2dd7f8f3-3e3f-44aa-a352-11cb5291877a.jpg</gco:CharacterString>
               </gmd:fileName>
               <gmd:fileDescription>
                  <gco:CharacterString>name</gco:CharacterString>
               </gmd:fileDescription>
            </gmd:MD_BrowseGraphic>
         </gmd:graphicOverview>
         <gmd:descriptiveKeywords>
            <gmd:MD_Keywords>
               <gmd:keyword>
                  <gco:CharacterString>Ordenamiento ambiental del territorio, Oferta hídrica superficial, Estudio Nacional del Agua, Demanda hídrica, Indicadores hidrológicos y ambientales</gco:CharacterString>
               </gmd:keyword>
               <gmd:type>
                  <gmd:MD_KeywordTypeCode codeListValue="theme"
                                          codeList="http://standards.iso.org/iso/19139/resources/gmxCodelists.xml#MD_KeywordTypeCode"/>
               </gmd:type>
            </gmd:MD_Keywords>
         </gmd:descriptiveKeywords>
         <gmd:descriptiveKeywords>
            <gmd:MD_Keywords>
               <gmd:keyword>
                  <gco:CharacterString>Republica de Colombia</gco:CharacterString>
               </gmd:keyword>
               <gmd:type>
                  <gmd:MD_KeywordTypeCode codeListValue="place"
                                          codeList="http://standards.iso.org/iso/19139/resources/gmxCodelists.xml#MD_KeywordTypeCode"/>
               </gmd:type>
            </gmd:MD_Keywords>
         </gmd:descriptiveKeywords>
         <gmd:descriptiveKeywords>
            <gmd:MD_Keywords>
               <gmd:keyword>
                  <gco:CharacterString>Hidrologia</gco:CharacterString>
               </gmd:keyword>
               <gmd:type>
                  <gmd:MD_KeywordTypeCode codeList="http://standards.iso.org/iso/19139/resources/gmxCodelists.xml#MD_KeywordTypeCode"
                                          codeListValue="discipline"/>
               </gmd:type>
            </gmd:MD_Keywords>
         </gmd:descriptiveKeywords>
         <gmd:resourceConstraints>
            <gmd:MD_LegalConstraints>
               <gmd:accessConstraints>
                  <gmd:MD_RestrictionCode codeListValue="copyright"
                                          codeList="http://standards.iso.org/iso/19139/resources/gmxCodelists.xml#MD_RestrictionCode"/>
               </gmd:accessConstraints>
               <gmd:useConstraints>
                  <gmd:MD_RestrictionCode codeList="http://standards.iso.org/iso/19139/resources/gmxCodelists.xml#MD_RestrictionCode"
                                          codeListValue="copyright"/>
               </gmd:useConstraints>
               <gmd:otherConstraints>
                  <gco:CharacterString>Ninguna</gco:CharacterString>
               </gmd:otherConstraints>
            </gmd:MD_LegalConstraints>
         </gmd:resourceConstraints>
         <gmd:spatialRepresentationType>
            <gmd:MD_SpatialRepresentationTypeCode codeListValue="vector"
                                                  codeList="http://standards.iso.org/iso/19139/resources/gmxCodelists.xml#MD_SpatialRepresentationTypeCode"/>
         </gmd:spatialRepresentationType>
         <gmd:spatialResolution>
            <gmd:MD_Resolution>
               <gmd:equivalentScale>
                  <gmd:MD_RepresentativeFraction>
                     <gmd:denominator>
                        <gco:Integer>100000</gco:Integer>
                     </gmd:denominator>
                  </gmd:MD_RepresentativeFraction>
               </gmd:equivalentScale>
            </gmd:MD_Resolution>
         </gmd:spatialResolution>
         <gmd:language>
            <gmd:LanguageCode codeList="http://www.loc.gov/standards/iso639-2/" codeListValue="spa"/>
         </gmd:language>
         <gmd:characterSet>
            <gmd:MD_CharacterSetCode codeListValue="utf8"
                                     codeList="http://standards.iso.org/iso/19139/resources/gmxCodelists.xml#MD_CharacterSetCode"/>
         </gmd:characterSet>
         <gmd:topicCategory>
            <gmd:MD_TopicCategoryCode>environment</gmd:MD_TopicCategoryCode>
         </gmd:topicCategory>
         <gmd:topicCategory>
            <gmd:MD_TopicCategoryCode>inlandWaters</gmd:MD_TopicCategoryCode>
         </gmd:topicCategory>
         <gmd:environmentDescription>
            <gco:CharacterString>ArcGIS 10.8</gco:CharacterString>
         </gmd:environmentDescription>
         <gmd:extent>
            <gmd:EX_Extent>
               <gmd:description>
                  <gco:CharacterString>Territorio continental e insular de Colombia</gco:CharacterString>
               </gmd:description>
               <gmd:geographicElement>
                  <gmd:EX_GeographicBoundingBox>
                     <gmd:westBoundLongitude>
                        <gco:Decimal>-81.978</gco:Decimal>
                     </gmd:westBoundLongitude>
                     <gmd:eastBoundLongitude>
                        <gco:Decimal>-66.848</gco:Decimal>
                     </gmd:eastBoundLongitude>
                     <gmd:southBoundLatitude>
                        <gco:Decimal>-4.225</gco:Decimal>
                     </gmd:southBoundLatitude>
                     <gmd:northBoundLatitude>
                        <gco:Decimal>16.015</gco:Decimal>
                     </gmd:northBoundLatitude>
                  </gmd:EX_GeographicBoundingBox>
               </gmd:geographicElement>
               <gmd:temporalElement/>
               <gmd:temporalElement/>
               <gmd:temporalElement>
                  <gmd:EX_TemporalExtent>
                     <gmd:extent>
                        <gml:TimePeriod gml:id="d156850e758a1050910">
                           <gml:beginPosition>2022-01-01</gml:beginPosition>
                           <gml:endPosition>2022-12-31</gml:endPosition>
                        </gml:TimePeriod>
                     </gmd:extent>
                  </gmd:EX_TemporalExtent>
               </gmd:temporalElement>
            </gmd:EX_Extent>
         </gmd:extent>
         <gmd:supplementalInformation>
            <gco:CharacterString>PENDIENTE</gco:CharacterString>
         </gmd:supplementalInformation>
      </gmd:MD_DataIdentification>
  </gmd:identificationInfo>
  <gmd:contentInfo>
      <gmd:MD_FeatureCatalogueDescription>
         <gmd:language>
            <gco:CharacterString>spa</gco:CharacterString>
         </gmd:language>
         <gmd:includedWithDataset>
            <gco:Boolean>true</gco:Boolean>
         </gmd:includedWithDataset>
         <gmd:featureTypes>
            <gco:LocalName>Zonificación Hidrográfica. Colombia. Escala 1:100.000. Año 2022</gco:LocalName>
         </gmd:featureTypes>
         <gmd:featureCatalogueCitation>
            <gmd:CI_Citation>
               <gmd:title>
                  <gco:CharacterString>Catálogo de Objetos de Informacion Geográfica del IDEAM - Unidades de Analisis y referencia - Unidades de Analisis</gco:CharacterString>
               </gmd:title>
               <gmd:alternateTitle>
                  <gco:CharacterString>Zonficacion Hidrografica 2022</gco:CharacterString>
               </gmd:alternateTitle>
               <gmd:date>
                  <gmd:CI_Date>
                     <gmd:date>
                        <gco:Date>2022-12-15</gco:Date>
                     </gmd:date>
                     <gmd:dateType>
                        <gmd:CI_DateTypeCode codeList="http://standards.iso.org/iso/19139/resources/gmxCodelists.xml#CI_DateTypeCode"
                                             codeListValue="creation"/>
                     </gmd:dateType>
                  </gmd:CI_Date>
               </gmd:date>
               <gmd:edition>
                  <gco:CharacterString>Primera</gco:CharacterString>
               </gmd:edition>
               <gmd:presentationForm>
                  <gmd:CI_PresentationFormCode codeList="http://standards.iso.org/iso/19139/resources/gmxCodelists.xml#CI_PresentationFormCode"
                                               codeListValue="documentDigital"/>
               </gmd:presentationForm>
            </gmd:CI_Citation>
         </gmd:featureCatalogueCitation>
      </gmd:MD_FeatureCatalogueDescription>
  </gmd:contentInfo>
  <gmd:distributionInfo>
      <gmd:MD_Distribution>
         <gmd:distributionFormat>
            <gmd:MD_Format>
               <gmd:name gco:nilReason="missing">
                  <gco:CharacterString/>
               </gmd:name>
               <gmd:version gco:nilReason="unknown">
                  <gco:CharacterString/>
               </gmd:version>
            </gmd:MD_Format>
         </gmd:distributionFormat>
         <gmd:distributor>
            <gmd:MD_Distributor>
               <gmd:distributorContact>
                  <gmd:CI_ResponsibleParty>
                     <gmd:individualName>
                        <gco:CharacterString>Subdireccion de Ecosistemas - Grupo SIA</gco:CharacterString>
                     </gmd:individualName>
                     <gmd:organisationName>
                        <gco:CharacterString>Instituto de Hidrología, Meteorología y Estudios Ambientales - IDEAM, Subdirección de Hidrologia - Grupo de Evaluacion Hidrologica.</gco:CharacterString>
                     </gmd:organisationName>
                     <gmd:contactInfo>
                        <gmd:CI_Contact>
                           <gmd:address>
                              <gmd:CI_Address>
                                 <gmd:electronicMailAddress>
                                    <gco:CharacterString>ecosistemas@ideam.gov.co</gco:CharacterString>
                                 </gmd:electronicMailAddress>
                              </gmd:CI_Address>
                           </gmd:address>
                        </gmd:CI_Contact>
                     </gmd:contactInfo>
                     <gmd:role>
                        <gmd:CI_RoleCode codeList="http://standards.iso.org/iso/19139/resources/gmxCodelists.xml#CI_RoleCode"
                                         codeListValue="publisher"/>
                     </gmd:role>
                  </gmd:CI_ResponsibleParty>
               </gmd:distributorContact>
            </gmd:MD_Distributor>
         </gmd:distributor>
         <gmd:transferOptions>
            <gmd:MD_DigitalTransferOptions>
               <gmd:onLine>
                  <gmd:CI_OnlineResource>
                     <gmd:linkage>
                        <gmd:URL>http://www.ideam.gov.co/geoportal</gmd:URL>
                     </gmd:linkage>
                     <gmd:protocol>
                        <gco:CharacterString>WWW:LINK-1.0-http--link</gco:CharacterString>
                     </gmd:protocol>
                     <gmd:name>
                        <gco:CharacterString>geoportal del IDEAM</gco:CharacterString>
                     </gmd:name>
                     <gmd:description>
                        <gco:CharacterString>contiene el visor, los servicios, la galeria de mapas, etc</gco:CharacterString>
                     </gmd:description>
                     <gmd:function>
                        <gmd:CI_OnLineFunctionCode codeList="http://standards.iso.org/iso/19139/resources/gmxCodelists.xml#CI_OnLineFunctionCode"
                                                   codeListValue="information"/>
                     </gmd:function>
                  </gmd:CI_OnlineResource>
               </gmd:onLine>
               <gmd:onLine>
                  <gmd:CI_OnlineResource>
                     <gmd:linkage>
                        <gmd:URL>http:/geonetwork/srv/api/records/2dd7f8f3-3e3f-44aa-a352-11cb5291877a/attachments/MG_h_znhd_2022_100k.jpg</gmd:URL>
                     </gmd:linkage>
                     <gmd:protocol>
                        <gco:CharacterString>WWW:DOWNLOAD-1.0-http--download</gco:CharacterString>
                     </gmd:protocol>
                     <gmd:applicationProfile>
                        <gco:CharacterString>MG_h_znhd_2022_100k</gco:CharacterString>
                     </gmd:applicationProfile>
                     <gmd:name>
                        <gco:CharacterString>MG_h_znhd_2022_100k.jpg</gco:CharacterString>
                     </gmd:name>
                     <gmd:description>
                        <gco:CharacterString>MG_h_znhd_2022_100k.jpg</gco:CharacterString>
                     </gmd:description>
                     <gmd:function>
                        <gmd:CI_OnLineFunctionCode codeList="http://standards.iso.org/iso/19139/resources/gmxCodelists.xml#CI_OnLineFunctionCode"
                                                   codeListValue="download"/>
                     </gmd:function>
                  </gmd:CI_OnlineResource>
               </gmd:onLine>
            </gmd:MD_DigitalTransferOptions>
         </gmd:transferOptions>
      </gmd:MD_Distribution>
  </gmd:distributionInfo>
  <gmd:dataQualityInfo>
      <gmd:DQ_DataQuality>
         <gmd:scope>
            <gmd:DQ_Scope>
               <gmd:level>
                  <gmd:MD_ScopeCode codeListValue="dataset"
                                    codeList="http://standards.iso.org/iso/19139/resources/gmxCodelists.xml#MD_ScopeCode"/>
               </gmd:level>
               <gmd:levelDescription>
                  <gmd:MD_ScopeDescription>
                     <gmd:dataset>
                        <gco:CharacterString>h_znhd_2022_100k</gco:CharacterString>
                     </gmd:dataset>
                  </gmd:MD_ScopeDescription>
               </gmd:levelDescription>
            </gmd:DQ_Scope>
         </gmd:scope>
         <gmd:lineage>
            <gmd:LI_Lineage>
               <gmd:statement>
                  <gco:CharacterString>Esta capa corresponde a la actualizacion en terminos de escala de precision de la zonificacion hidrografica que genero el IDEAM en el año 2013.</gco:CharacterString>
               </gmd:statement>
               <gmd:processStep>
                  <gmd:LI_ProcessStep>
                     <gmd:description>
                        <gco:CharacterString>De acuerdo con la información sobre cuencas hidrográficas a diferentes niveles suministrada por HydroSHEDS1, se realizó la verificación y el ajuste topológico de la información, mediante el  software de SIG se evaluan las reglas topológicas de [Must Not Overlap] para verificar el traslape entre poligonos y [Must Not Have Gaps] para verificar que no existan huecos entre poligonos; y terminado este proceso, se identificaron y codificaron las cuencas según la estructura establecida  por documento de zonificacion Hidrografica se verifica que la codificacion de cada poligono sea correcta, tambien se verifico la correspondencia del codigo de la subona con la zona y el area correspondiente. Al final, se editaron los cierres de las cuencas en la desembocadura del río y los cruces de las divisorias de aguas.</gco:CharacterString>
                     </gmd:description>
                     <gmd:processor>
                        <gmd:CI_ResponsibleParty>
                           <gmd:individualName>
                              <gco:CharacterString>Luisa Fernanda Cruz</gco:CharacterString>
                           </gmd:individualName>
                           <gmd:organisationName>
                              <gco:CharacterString>Instituto de Hidrología, Meteorología y Estudios Ambientales - IDEAM, Subdirección de Hidrologia - Grupo de Evaluacion Hidrologica.</gco:CharacterString>
                           </gmd:organisationName>
                           <gmd:contactInfo>
                              <gmd:CI_Contact>
                                 <gmd:address>
                                    <gmd:CI_Address>
                                       <gmd:electronicMailAddress>
                                          <gco:CharacterString>lcruz@ideam.gov.co</gco:CharacterString>
                                       </gmd:electronicMailAddress>
                                    </gmd:CI_Address>
                                 </gmd:address>
                              </gmd:CI_Contact>
                           </gmd:contactInfo>
                           <gmd:role>
                              <gmd:CI_RoleCode codeList="http://standards.iso.org/iso/19139/resources/gmxCodelists.xml#CI_RoleCode"
                                               codeListValue="custodian"/>
                           </gmd:role>
                        </gmd:CI_ResponsibleParty>
                     </gmd:processor>
                  </gmd:LI_ProcessStep>
               </gmd:processStep>
               <gmd:source uuidref="">
                  <gmd:LI_Source>
                     <gmd:description>
                        <gco:CharacterString>Cartografía IGAC, HYDROSHEDS, Zonificación hidrográfica 2013</gco:CharacterString>
                     </gmd:description>
                     <gmd:scaleDenominator>
                        <gmd:MD_RepresentativeFraction>
                           <gmd:denominator>
                              <gco:Integer>100000</gco:Integer>
                           </gmd:denominator>
                        </gmd:MD_RepresentativeFraction>
                     </gmd:scaleDenominator>
                     <gmd:sourceReferenceSystem>
                        <gmd:MD_ReferenceSystem>
                           <gmd:referenceSystemIdentifier>
                              <gmd:RS_Identifier>
                                 <gmd:code>
                                    <gco:CharacterString>MAGNA - SIRGAS</gco:CharacterString>
                                 </gmd:code>
                                 <gmd:codeSpace>
                                    <gco:CharacterString>EPSG 4686</gco:CharacterString>
                                 </gmd:codeSpace>
                                 <gmd:version gco:nilReason="missing">
                                    <gco:CharacterString/>
                                 </gmd:version>
                              </gmd:RS_Identifier>
                           </gmd:referenceSystemIdentifier>
                        </gmd:MD_ReferenceSystem>
                     </gmd:sourceReferenceSystem>
                     <gmd:sourceCitation>
                        <gmd:CI_Citation>
                           <gmd:title>
                              <gco:CharacterString>Zonificación hidrográfica 2013, Cartografía Básica 1:100000 y Raster Información hidrográfica</gco:CharacterString>
                           </gmd:title>
                           <gmd:date>
                              <gmd:CI_Date>
                                 <gmd:date>
                                    <gco:Date>2017-11-01</gco:Date>
                                 </gmd:date>
                                 <gmd:dateType>
                                    <gmd:CI_DateTypeCode codeList="http://standards.iso.org/iso/19139/resources/gmxCodelists.xml#CI_DateTypeCode"
                                                         codeListValue="creation"/>
                                 </gmd:dateType>
                              </gmd:CI_Date>
                           </gmd:date>
                           <gmd:citedResponsibleParty>
                              <gmd:CI_ResponsibleParty>
                                 <gmd:individualName>
                                    <gco:CharacterString>Jose Ville traina</gco:CharacterString>
                                 </gmd:individualName>
                                 <gmd:organisationName>
                                    <gco:CharacterString>Instituto de Hidrología, Meteorología y Estudios Ambientales - IDEAM, Subdirección de Hidrologia - Grupo de Evaluacion Hidrologica.</gco:CharacterString>
                                 </gmd:organisationName>
                                 <gmd:positionName gco:nilReason="missing">
                                    <gco:CharacterString/>
                                 </gmd:positionName>
                                 <gmd:contactInfo>
                                    <gmd:CI_Contact>
                                       <gmd:phone>
                                          <gmd:CI_Telephone/>
                                       </gmd:phone>
                                       <gmd:address>
                                          <gmd:CI_Address>
                                             <gmd:deliveryPoint gco:nilReason="missing">
                                                <gco:CharacterString/>
                                             </gmd:deliveryPoint>
                                             <gmd:city gco:nilReason="missing">
                                                <gco:CharacterString/>
                                             </gmd:city>
                                             <gmd:administrativeArea gco:nilReason="missing">
                                                <gco:CharacterString/>
                                             </gmd:administrativeArea>
                                             <gmd:postalCode gco:nilReason="missing">
                                                <gco:CharacterString/>
                                             </gmd:postalCode>
                                             <gmd:country gco:nilReason="missing">
                                                <gco:CharacterString/>
                                             </gmd:country>
                                             <gmd:electronicMailAddress>
                                                <gco:CharacterString>jvtriana@ideam.gov.co</gco:CharacterString>
                                             </gmd:electronicMailAddress>
                                          </gmd:CI_Address>
                                       </gmd:address>
                                       <gmd:onlineResource>
                                          <gmd:CI_OnlineResource>
                                             <gmd:linkage>
                                                <gmd:URL/>
                                             </gmd:linkage>
                                             <gmd:protocol gco:nilReason="missing">
                                                <gco:CharacterString/>
                                             </gmd:protocol>
                                             <gmd:name gco:nilReason="missing">
                                                <gco:CharacterString/>
                                             </gmd:name>
                                             <gmd:description gco:nilReason="missing">
                                                <gco:CharacterString/>
                                             </gmd:description>
                                          </gmd:CI_OnlineResource>
                                       </gmd:onlineResource>
                                    </gmd:CI_Contact>
                                 </gmd:contactInfo>
                                 <gmd:role>
                                    <gmd:CI_RoleCode codeList="http://standards.iso.org/iso/19139/resources/gmxCodelists.xml#CI_RoleCode"
                                                     codeListValue="author"/>
                                 </gmd:role>
                              </gmd:CI_ResponsibleParty>
                           </gmd:citedResponsibleParty>
                           <gmd:presentationForm>
                              <gmd:CI_PresentationFormCode codeList="http://standards.iso.org/iso/19139/resources/gmxCodelists.xml#CI_PresentationFormCode"
                                                           codeListValue="documentDigital"/>
                           </gmd:presentationForm>
                        </gmd:CI_Citation>
                     </gmd:sourceCitation>
                  </gmd:LI_Source>
               </gmd:source>
            </gmd:LI_Lineage>
         </gmd:lineage>
      </gmd:DQ_DataQuality>
  </gmd:dataQualityInfo>
  <gmd:portrayalCatalogueInfo>
      <gmd:MD_PortrayalCatalogueReference>
         <gmd:portrayalCatalogueCitation>
            <gmd:CI_Citation>
               <gmd:title>
                  <gco:CharacterString>Ficha de representación simbólica de objetos geográficos del tema de ........</gco:CharacterString>
               </gmd:title>
               <gmd:date>
                  <gmd:CI_Date>
                     <gmd:date>
                        <gco:Date/>
                     </gmd:date>
                     <gmd:dateType>
                        <gmd:CI_DateTypeCode codeList="http://standards.iso.org/iso/19139/resources/gmxCodelists.xml#CI_DateTypeCode"
                                             codeListValue="creation"/>
                     </gmd:dateType>
                  </gmd:CI_Date>
               </gmd:date>
               <gmd:edition>
                  <gco:CharacterString>Primera</gco:CharacterString>
               </gmd:edition>
               <gmd:citedResponsibleParty>
                  <gmd:CI_ResponsibleParty>
                     <gmd:individualName gco:nilReason="missing">
                        <gco:CharacterString/>
                     </gmd:individualName>
                     <gmd:organisationName>
                        <gco:CharacterString>Instituto de Hidrología, Meteorología y Estudios Ambientales -IDEAM- Subdirección de .....</gco:CharacterString>
                     </gmd:organisationName>
                     <gmd:positionName gco:nilReason="missing">
                        <gco:CharacterString/>
                     </gmd:positionName>
                     <gmd:contactInfo>
                        <gmd:CI_Contact>
                           <gmd:phone>
                              <gmd:CI_Telephone>
                                 <gmd:voice>
                                    <gco:CharacterString>57 1 3527160 Ext.1....</gco:CharacterString>
                                 </gmd:voice>
                              </gmd:CI_Telephone>
                           </gmd:phone>
                           <gmd:address>
                              <gmd:CI_Address>
                                 <gmd:deliveryPoint>
                                    <gco:CharacterString>Calle 25D No. 96B -70 Piso 2</gco:CharacterString>
                                 </gmd:deliveryPoint>
                                 <gmd:city>
                                    <gco:CharacterString>Bogotá D.C.</gco:CharacterString>
                                 </gmd:city>
                                 <gmd:administrativeArea>
                                    <gco:CharacterString>Bogotá D.C.</gco:CharacterString>
                                 </gmd:administrativeArea>
                                 <gmd:postalCode>
                                    <gco:CharacterString>110911</gco:CharacterString>
                                 </gmd:postalCode>
                                 <gmd:country>
                                    <gco:CharacterString>Colombia</gco:CharacterString>
                                 </gmd:country>
                                 <gmd:electronicMailAddress>
                                    <gco:CharacterString>.....@ideam.gov.co</gco:CharacterString>
                                 </gmd:electronicMailAddress>
                              </gmd:CI_Address>
                           </gmd:address>
                        </gmd:CI_Contact>
                     </gmd:contactInfo>
                     <gmd:role>
                        <gmd:CI_RoleCode codeList="http://standards.iso.org/iso/19139/resources/gmxCodelists.xml#CI_RoleCode"
                                         codeListValue="author"/>
                     </gmd:role>
                  </gmd:CI_ResponsibleParty>
               </gmd:citedResponsibleParty>
               <gmd:presentationForm>
                  <gmd:CI_PresentationFormCode codeList="http://standards.iso.org/iso/19139/resources/gmxCodelists.xml#CI_PresentationFormCode"
                                               codeListValue=""/>
               </gmd:presentationForm>
            </gmd:CI_Citation>
         </gmd:portrayalCatalogueCitation>
      </gmd:MD_PortrayalCatalogueReference>
  </gmd:portrayalCatalogueInfo>
</gmd:MD_Metadata>